model,manufacturer,panels_fit,total_area_m2, est_cost_total_gbp,annual_kwh_array,Jan,Feb,Mar,Apr,May,Jun,Jul,Aug,Sep,Oct,Nov,Dec
Tiger Neo (JKM580-605N / 72HL4),Jinko Solar,2491,6434.880732,58289.4,45485597.944,1623391.711,2327882.454,3614343.81,4471984.714,5360255.65,5819706.134,6034116.36,5574665.876,4441354.681,3001743.164,1837801.937,1378351.453
JAM72S30 (525-550W MR),JA Solar,2491,6434.880732,54552.9,42045510.703,1500614.187,2151824.117,3340990.076,4133767.382,4954858.164,5379560.292,5577754.618,5153052.49,4105453.907,2774720.572,1698808.513,1274106.385
Hi-MO 5 (LR5-72HIH 535-555M),LONGi,2491,6434.880732,54303.8,41663278.787,1486972.24,2132262.079,3310617.439,4096187.679,4909813.999,5330655.198,5527047.758,5106206.558,4068131.599,2749495.839,1683364.799,1262523.6
A-MAH54Db (Aiko A450/A440 series),Aiko,3233,6441.552054,73065.8,34436537.283,1229048.132,1762408.642,2736371.313,3385679.76,4058177.794,4406021.605,4568348.717,4220504.906,3362490.172,2272579.565,1391375.244,1043531.433
Maxeon 6 (SPR-MAX6-440),SunPower / Maxeon,3306,6386.874624,75376.8,33385471.034,1191535.33,1708616.699,2652852.244,3282342.607,3934314.768,4271541.749,4428914.339,4091687.359,3259860.808,2203216.27,1348907.921,1011680.94
